bn_howtofixguide,Ezadblocker.com
bn_howtofixguide,Watchadsfree.com
bn_howtofixguide,Polid.live
bn_howtofixguide,Qatrup.com
bn_howtofixguide,Celeb-hot-gossip.com
bn_howtofixguide,Jammennaps.com
bn_howtofixguide,Defenderpage.xyz
bn_howtofixguide,Goldflowerservice.com
bn_howtofixguide,Pc-protections.com
bn_howtofixguide,Defenceanalysisreport.com
bn_howtofixguide,News-xijura.cc
bn_howtofixguide,Op00.biz
bn_howtofixguide,News-rudace.cc
bn_howtofixguide,Kebin.live
bn_malwaretips,Soft-make.com
bn_malwaretips,Strongpcprotection.com
bn_malwaretips,Yearfellfur.live
bn_malwaretips,Fallnavylet.top
bn_malwaretips,Enloweb.com
bn_malwaretips,Urambled.com
bn_malwaretips,Secret-celebrity-news.com
bn_malwaretips,News-zenupe.cc
bn_malwaretips,Watchadsfree.com
bn_malwaretips,Clickdark.xyz
bn_malwaretips,Postlakemug.live
bn_malwaretips,Nineaidmon.live
bn_malwaretips,Polid.live
bn_malwaretips,Kebin.live
bn_malwaretips,Defenderpage.xyz
bn_malwaretips,Defenceanalysisreport.com
bn_malwaretips,Wwn.marfitmy.homes
bn_malwaretips,Nomagic-master.xyz
bn_malwaretips,News-xijura.cc
bn_malwaretips,Jammennaps.com
bn_malwaretips,Intor-mobisteryoda.xyz
bn_malwaretips,Funnychance.net
bn_malwaretips,Celeb-hot-gossip.com
bn_malwaretips,Allowedpush.com
bn_malwaretips,Averagesapper.com
bn_malwaretips,Pc-protections.com
bn_malwaretips,Elifinessicerm.com
bn_malwaretips,Qatrup.com
bn_malwaretips,Op00.biz
bn_malwaretips,Goldflowerservice.com
bn_malwaretips,News-rudace.cc
bn_malwaretips,Earncowsalt.live
bn_malwaretips,Papcorwye.live
bn_malwaretips,Bnewsblite.me
bn_malwaretips,Osifietae.in.net
bn_malwaretips,Storeappsone.com
bn_malwaretips,Acclaimupdatephone.online
bn_malwaretips,Webdatasecuritycenter.com
bn_malwaretips,Defender-box.xyz
bn_malwaretips,Barnet.live
bn_malwaretips,Selectedpromo24.click
bn_malwareguide,Enloweb.com
bn_malwareguide,Strongpcprotection.com
bn_malwareguide,Yearfellfur.live
bn_malwareguide,Fallnavylet.top
bn_malwareguide,Secret-celebrity-news.com
bn_malwareguide,Pellodersecalmi.ga
bn_malwareguide,Soft-make.com
bn_malwareguide,Urambled.com
bn_malwareguide,News-zenupe.cc
bn_malwareguide,Nineaidmon.live
bn_malwareguide,Celeb-hot-gossip.com
bn_malwareguide,Findiover.net
bn_malwareguide,Funnychance.net
bn_malwareguide,News-xijura.cc
bn_malwareguide,Wwn.marfitmy.homes
bn_malwareguide,Kebin.live
bn_malwareguide,Defenceanalysisreport.com
bn_malwareguide,Defenderpage.xyz
bn_malwareguide,Polid.live
bn_malwareguide,Jammennaps.com
bn_malwareguide,Averagesapper.com
bn_malwareguide,Localrude.com
bn_malwareguide,Nomagic-master.xyz
bn_malwareguide,Intor-mobisteryoda.xyz
bn_malwareguide,Allowedpush.com
bn_malwareguide,Gameitlive.com
bn_malwareguide,Postlakemug.live
bn_malwareguide,Webhit-now.com
bn_malwareguide,Watchadsfree.com
bn_malwareguide,Superofferss.com
bn_malwareguide,Pc-protections.com
bn_malwareguide,Elifinessicerm.com
bn_malwareguide,Qatrup.com
bn_malwareguide,Op00.biz
bn_malwareguide,News-rudace.cc
bn_malwareguide,Goldflowerservice.com
bn_malwareguide,Protect-data-2022.xyz
bn_malwareguide,Osifietae.in.net
bn_malwareguide,Defender-box.xyz
bn_malwareguide,Papcorwye.live
bn_malwareguide,Webdatasecuritycenter.com
bn_malwareguide,Selectedpromo24.click
bn_malwareguide,Acclaimupdatephone.online
bn_malwareguide,Earncowsalt.live
bn_malwareguide,Storeappsone.com
bn_malwareguide,Bnewsblite.me
bn_malwareguide,Barnet.live
bn_adwareguru,Ezadblocker.com
bn_adwareguru,Watchadsfree.com
bn_adwareguru,Polid.live
bn_adwareguru,Qatrup.com
bn_adwareguru,Celeb-hot-gossip.com
bn_adwareguru,Jammennaps.com
bn_adwareguru,Defenderpage.xyz
bn_adwareguru,Goldflowerservice.com
bn_adwareguru,Pc-protections.com
bn_adwareguru,Defenceanalysisreport.com
bn_adwareguru,News-xijura.cc
bn_adwareguru,Op00.biz
bn_adwareguru,News-rudace.cc
bn_adwareguru,Kebin.live
bn_virusremovalinfo,Watchadsfree.com
bn_virusremovalinfo,Polid.live
bn_virusremovalinfo,Celeb-hot-gossip.com
bn_virusremovalinfo,News-rudace.cc
bn_virusremovalinfo,Kebin.live
bn_cyclonis,Stream-trust.xyz
bn_cyclonis,Ourwowspot.com
bn_computips,GoldFlowerService.com
bn_computips,Qatrup.com
bn_regrunreanimator,FINDIOVER.NET
bn_regrunreanimator,JAMMENNAPS.COM
bn_regrunreanimator,KEBIN.LIVE
bn_regrunreanimator,MP3STALKERS.COM
bn_regrunreanimator,NINEAIDMON.LIVE
bn_regrunreanimator,POLID.LIVE
bn_regrunreanimator,PROTECTYOURSELF.SPACE
bn_regrunreanimator,SAFESTRONG.SPACE
bn_regrunreanimator,SOFT-MAKE.COM
bn_regrunreanimator,URAMBLED.COM
bn_regrunreanimator,WEBNEKED.XYZ
bn_regrunreanimator,WWN.MARFITMY.HOMES
bn_regrunreanimator,WWW.SEXDATECLUB.COM
bn_regrunreanimator,DEFENCEANALYSISREPORT.COM
bn_regrunreanimator,DEFENDERPAGE.XYZ
bn_regrunreanimator,FIND.UPSEARCHES.COM
bn_regrunreanimator,AVERAGESAPPER.COM
bn_regrunreanimator,ELIFINESSICERM.COM
bn_regrunreanimator,GAMEITLIVE.COM
bn_regrunreanimator,INTOR-MOBISTERYODA.XYZ
bn_regrunreanimator,LOCALRUDE.COM
bn_regrunreanimator,NEWS-RUDACE.CC
bn_regrunreanimator,PC-PROTECTIONS.COM
bn_regrunreanimator,PECTTHATMYE.SHOP
bn_regrunreanimator,POSTLAKEMUG.LIVE
bn_regrunreanimator,WATCHADSFREE.COM
bn_regrunreanimator,WEBDATASECURITYCENTER.COM
bn_regrunreanimator,WEBHIT-NOW.COM
bn_regrunreanimator,BNEWSBLITE.ME
bn_regrunreanimator,WEBDATASECURITYCENTER.COM
bn_regrunreanimator,CELEB-PAPARAZY-NEWS.COM
bn_regrunreanimator,CLICKDARK.XYZ
bn_regrunreanimator,DEFENDER-BOX.XYZ
bn_regrunreanimator,EARNCOWSALT.LIVE
bn_regrunreanimator,ESOPERTYVA.SHOP
bn_regrunreanimator,GET.SEARCHHDCONVERTER.COM
bn_regrunreanimator,HUTTERS.CLICK
bn_regrunreanimator,MOL8.BIZ
bn_regrunreanimator,NEWS-SIFUHU.CC
bn_regrunreanimator,OP00.BIZ
bn_regrunreanimator,PAPCORWYE.LIVE
bn_regrunreanimator,QATRUP.COM
bn_regrunreanimator,ACCLAIMUPDATEPHONE.ONLINE
bn_regrunreanimator,SELECTEDPROMO24.CLICK
bn_regrunreanimator,BARNET.LIVE
bn_regrunreanimator,SLOTINDOKASINO.COM
bn_regrunreanimator,BESTDAY2LOVE.COM
bn_regrunreanimator,STOREAPPSONE.COM
bn_myantispyware,9.68-billionth
bn_cleanupallthreats,7.1
bn_cleanupallthreats,Search.nstart.online
bn_cleanupallthreats,M.Onlinesear.ch
bn_cleanupallthreats,www.finderesults.com
bn_cleanupallthreats,DataRecovery1@cock.li
bn_2spyware,Celeb-hot-gossip.com
bn_2spyware,Protect-data-2022.xyz
bn_2spyware,Analysissoftwarecentr.com
bn_2spyware,Celeb-paparazy-news.com
bn_2spyware,News-sifuhu.cc
bn_2spyware,Stream-trust.xyz
bn_2spyware,News-putomo.cc
bn_trojankiller,Ezadblocker.com
bn_trojankiller,Watchadsfree.com
bn_trojankiller,Polid.live
bn_trojankiller,Qatrup.com
bn_trojankiller,Celeb-hot-gossip.com
bn_trojankiller,Jammennaps.com
bn_trojankiller,Defenderpage.xyz
bn_trojankiller,Goldflowerservice.com
bn_trojankiller,Pc-protections.com
bn_trojankiller,Defenceanalysisreport.com
bn_trojankiller,News-xijura.cc
bn_trojankiller,Op00.biz
bn_trojankiller,News-rudace.cc
bn_trojankiller,Kebin.live
bn_pcrisk,_readme.txt
bn_pcrisk,_readme.txt
bn_pcrisk,i.e.
bn_pcrisk,smartopc.xyz
