bn_malwaretips, Meetamate.site,
bn_computips, Agabreloomr.com,
bn_pcrisk, stream-trust.xyz,
bn_adwareguru, Meetamate.site,
bn_myantispyware, Find-topaward-here.life,
bn_cyclonis, Shield-fordesktop.com,
bn_howtofixguide, Bustyaffar.com,
bn_regrunreanimator, Posted September 7, 2022 @ 20:28
bn_malwareguide, Opensuperswifttheproduct.vip,
bn_howtomalware, Championtest.com,
bn_2spyware, Rgagetnizations.xyz,
bn_greatis, FAMOUSSEARCH.COM,
bn_trojankiller, Meetamate.site,
bn_virusremovalinfo, Meetamate.site,
bn_cleanupallthreats, Find-topaward-here.life,
