bn_malwaretips, Click.plarimoplus.com
bn_computips, Alleasycontact.com
bn_pcrisk, FILES.txt
bn_adwareguru, News-gazifo.cc
bn_myantispyware, Cubicongardens.sk
bn_cyclonis, Scanuralerts.com
bn_howtofixguide, News-gazifo.cc
bn_regrunreanimator, Posted September 17, 2022 @ 18:24
bn_malwareguide, Netflixsubscribe.0v3v374o8zj1.top
bn_howtomalware, Xzwsfk.com
bn_2spyware, Funnychance.net
bn_greatis, FAMOUSSEARCH.COM
bn_trojankiller, News-gazifo.cc
bn_virusremovalinfo, Detectmus.com
bn_cleanupallthreats, Go.cnnected.org
